{"ESG": {"Coef": [0.5432648358275332, 0.24928746743793512, 0.32684770886561604], "Intercept": -5.814981477266166}, "E": {"Coef": [-11.819003481932276, 1.0658141036401503e-14, 8.138123233037996, 11.333036172338794, -4.3611544958896635, 12.713809684966346, 5.788684725023285, 8.43334663666227, 2.908950785040105, -12.240190801224895, 13.41177148906597, -19.91842630757793, 2.597457039467298, 3.1899881559720944, -4.017891784257151, 10.673112102276972, 15.797183868824524], "Intercept": 38.10686532043901}, "S": {"Coef": [18.219957644375278, -6.726423585234307, 11.005385869779724, -32.093146309544665, -6.483061050487073, -7.203826694481052, -10.189924601886307, -8.18668017881919e-30, -8.385364706659086], "Intercept": 47.59485541862908}, "G": {"Coef": [4.831443016243467, 2.522771367999029, 1.2434497875801753e-14, -3.1113406405979034, 4.329637096218687, -1.7899331495196098e-31, 6.1052449988312505, 10.757072702463185], "Intercept": 52.05258484588382}}